"id","title","metaTitle","metaDescription","categoryName","tagsList","conceptsList","linkUrl","createdAt","updatedAt","timeDuration","content"
"2HORDeCJXFyxdo8UytaNqf","Best practices for fabricating solar panel frames using galvanised steel ","Why Galvanised Steel is the Best Choice for Solar Panel Frames | JSW One MSME","Find out why hot-dip galvanised steel is the preferred material for solar panel frames and how to optimise fabrication for strength, corrosion resistance, and efficiency.","Technology","","","best-practices-for-fabricating-solar-panel-frames-using-galvanised-steel","2025-02-07T08:35:10.384Z","2025-02-07T09:01:35.679Z","3 minutes",""
"7kSGrRRJ2uWc0Z5vjObGG8","Budget 2025: MSMEs – key changes and strategic insights ","How Budget 2025 Empowers MSMEs: Expansion, Finance & Exports | JSW One MSME","Budget 2025 fuels MSME growth with a 2.5x investment limit hike, ₹10-20 crore credit access, export incentives, and digital transformation support. Learn more.","Business","","","budget-2025-msmes-key-changes-and-strategic-insights","2025-02-05T10:44:00.697Z","2025-02-05T11:27:52.036Z","3 minutes",""
"4VAoaYWzXVtxldw0gafxuh","Budget 2025: a defining moment for the construction industry ","Budget 2025 and the future of India's construction industry | JSW One MSME","How will Budget 2025 impact India’s construction industry? From raw material pricing to government investments, explore the key trends that will shape the sector’s future.","Business","","","budget-2025-a-defining-moment-for-the-construction-industry","2025-02-04T10:33:16.811Z","2025-02-04T11:42:50.194Z","3 minutes",""
"6k3W5psZXjSOI0rIbRxj7i","Innovative steel applications for lightweight electric vehicle components","The Role of Advanced Steel in Lightweight Electric Vehicle Design | JSW One MSME","Explore how advanced steel technologies are creating lightweight EV components, boosting performance, safety, and eco-friendliness in the race for greener transport.","Technology","","","innovative-steel-applications-for-lightweight-electric-vehicle-components","2025-01-23T12:30:30.649Z","2025-01-31T04:40:37.823Z","3 minutes",""
"6IjdGvHQx4rXhPshGsQdrA","Understanding Letters of Credit (LC) and their role in supporting MSMEs","Letters of Credit: A Financial Lifeline for MSMEs | JSW One MSME","Understand the role of LCs in mitigating risks, securing payments, and unlocking growth potential for MSMEs in domestic and international trade.","Business","","","understanding-letters-of-credit-lc-and-their-role-in-supporting-msmes","2025-01-22T09:06:24.698Z","2025-01-31T04:36:32.760Z","3 minutes",""
"3pGjtGPWmp7n7XLk7oiSt6","Why cold-rolled steel is essential for precision industrial and machinery parts manufacturing ","Why Cold-Rolled Steel is the Preferred Choice for Precision Parts","Understand the benefits of cold-rolled steel in precision industrial and machinery parts manufacturing, from superior finish to enhanced strength and workability.","Business","","","Why-cold-rolled-steel-is-essential-for-precision-industrial-and-machinery-parts-manufacturing ","2025-01-30T10:59:46.101Z","2025-01-30T11:51:13.425Z","3 minutes",""
"1Ro9wgeMh0eR1N5RM5MOFj","What should you consider when you buy steel online?","Steel Buying Tips | JSW One MSME Blog"," Explore the advantages of purchasing steel products online, including convenience, extensive selection, and time efficiency.","Business","","","what-should-you-consider-when-you-buy-steel-online","2023-09-06T07:20:56.891Z","2025-01-30T10:42:37.324Z","3 minutes",""
"7EEee1tz0vsxuBDS4kpK8O","Tips for ensuring high-quality cement plastering work","How to Ensure Excellent Cement Plastering | JSW One MSME Blog","Learn the key steps, from surface preparation to curing and standards, to create smooth, durable, and visually appealing walls. Click here now!","Product","","","tips-for-ensuring-high-quality-cement-plastering-work","2023-11-10T12:27:32.544Z","2025-01-30T09:32:07.192Z","3 minutes",""
"1SRtl2se3nyc6XIz81J7q0","10 types of tests on cement to check the quality","10 Tests to Check the Cement Quality | JSW One MSME Blog"," Learn how these tests empower builders to ensure longevity of their projects through informed cement selection.","Business","","","10-types-of-tests-on-cement-to-check-the-quality","2023-08-24T06:55:34.038Z","2025-01-30T05:09:14.374Z","3 minutes",""
"78B5glh3BEoR0Lmg8h111d","Steel vs concrete support structures for solar panel installations","Steel vs Concrete Support Structures for Solar Panel Installations | JSW One MSME Blog","Find out why steel and concrete are ideal for solar panel supports. Explore their unique benefits and choose the best for your project. Read our latest blog!","Business","","","steel-vs-concrete-support-structures-for-solar-panel-installations","2024-05-22T07:19:49.845Z","2025-01-29T13:38:07.119Z","3 minutes",""
"6CcUxJYnK2nWZoaNHGqoTh","Are TMT rebars the ultimate money saver for construction? ","Are TMT Rebars the Ultimate Money Saver for Construction | JSW One MSME Blog","Explore the financial benefits of TMT steel bars in construction projects – from combating corrosion to optimising timelines, we unveil the keys to long-term savings.","Product","","","are-tmt-rebars-the-ultimate-money-saver-for-construction","2024-04-19T08:50:23.133Z","2025-01-29T12:29:27.086Z","3 minutes",""
"2QBXLKscoAISiXZK4n3zYM","How additives in concrete improve workability and durability","How Concrete Additives Revolutionise Construction Durability | JSW One MSME","Explore how additives in concrete improve workability, reduce cracks, and enhance structural strength. Find out why they are essential for modern construction","Business","","","how-additives-in-concrete-improve-workability-and-durability","2025-01-29T11:48:18.090Z","2025-01-29T12:06:59.742Z","3 minutes",""
"1FGUngfixEPV2qLl73mfTy","Balancing weight and strength for optimal performance of steel truck bodies","Balancing Weight and Strength for Optimal Performance of Steel Truck Bodies | JSW One MSME Blog"," Discover the strength of steel truck bodies in our latest blog. See how steel ensures durability and performance in heavy-duty applications like construction and mining.","Business","","","balancing-weight-and-strength-for-optimal-performance-of-steel-truck-bodies","2024-04-26T08:54:11.352Z","2025-01-29T09:25:45.768Z","3 minutes",""
"iGAGayOnYJBbf2Zs9Pkl5","Udyog Aadhar: What is it, and how can you get one?","Udyog Aadhar for MSMEs & its Benefits | JSW One MSME Blog","Udyog Aadhar is beneficial for MSMEs as it helps in providing bank loans without collateral or mortgage. Read on to know more about Udyog Aadhar! ","Business","","","udyog-aadhar-what-is-it-and-how-can-you-get-one","2022-08-29T11:34:28.365Z","2025-01-29T09:02:37.995Z","3 Mins",""
"2xmFw5KwgBUTnf5UyyC6uR","How are solar panels made?","How Are Solar Panels Made | JSW One MSME Blog","Learn how solar panels are made and understand the factors affecting their performance. Discover the manufacturing process, the role of companies like JSW Steel, and the impact of material costs on solar panel prices.","Business","","","how-are-solar-panels-made","2024-06-12T11:11:22.135Z","2025-01-29T07:49:38.450Z","3 minutes",""
"1rM4OcXVN5W9c2MhbIvxzP","How steel reinforcements improve the structural integrity of solar carports","Why steel reinforcements are essential for solar carports | JSW One MSME","Learn how steel reinforcements boost the structural strength and durability of solar carports, providing a reliable foundation for sustainable energy solutions","Technology","","","how-steel-reinforcements-improve-the-structural-integrity-of-solar-carports","2025-01-28T11:53:03.370Z","2025-01-28T12:00:07.114Z","3 minutes",""
"26dfADFPsudFLt8ZzNlK48","The impact of TMT bar quality on building durability","The Impact of TMT Bar Quality on Building Durability | JSW One MSME Blog","TMT bars are crucial in enhancing buildings' durability and structural integrity. Our latest blog emphasises the significance of adherence to standards, and collaborative efforts among stakeholders to ensure the quality and longevity of structures.","Business","","","the-impact-of-tmt-bar-quality-on-building-durability","2024-03-05T10:35:10.273Z","2025-01-28T04:57:25.140Z","3 minutes",""
"dMLBmboZp7GVt6w3kaSa5","Cement applications in residential construction","Best Cement for Construction | Residential Construction Applications | JSW One MSME Blog","Elevate your understanding of cement's role in residential construction, from floors to fireplaces. Explore the diverse applications and benefits of this essential building material.","Product","","","cement-applications-in-residential-construction","2024-04-19T11:29:04.311Z","2025-01-27T10:26:46.216Z","3 minutes",""
"2gFkW3lupYH6jMCgLLbqGT","The influence of water-cement ratio on workability and strength","The Influence of Water-Cement Ratio on Workability and Strength | JSW One MSME Blog","Learn how to optimise the water-cement ratio for various construction projects to enhance durability and ensure the best performance.","Business","","","the-influence-of-water-cement-ratio-on-workability-and-strength","2024-10-01T04:51:01.367Z","2025-01-27T06:02:40.244Z","3 minutes",""
"6MEdVhYMxVl2Dw5xiMdtqN","How E250BR steel enhances industrial equipment durability?","How E250BR Steel Enhances Industrial Equipment Durability | JSW One MSME Blog","Explore how E250BR steel enhances the durability and performance of industrial equipment, including heavy machinery, transportation, and pressure vessels.","Business","","","how-e250br-steel-enhances-industrial-equipment-durability","2024-08-20T07:56:33.413Z","2025-01-23T07:46:13.150Z","3 minutes",""
"60ZDV9tbwYtoRdeR7cRcbg","Basics you need to know about PEB industrial shed and factory building","A Guide to PEB Factory and Industrial Shed Construction | JSW One MSME","Discover how PEB technology is revolutionising industrial shed and factory construction with superior durability, efficiency, and design flexibility","Business","","","basics-you-need-to-know-about-peb-industrial-shed-and-factory-building","2025-01-17T08:14:43.927Z","2025-01-17T09:31:35.919Z","3 minutes",""
"djK3BKTkUrxlLWlet7eqg","PEB technology for large-scale agricultural projects","Why Steel is the Backbone of Agricultural Pre-Engineered Buildings | JSW One MSME","Discover how steel's strength, flexibility, and durability make it the ideal choice for pre-engineered agricultural buildings. Explore types like galvanised and HSLA steel for optimal performance.","Business","","","peb-technology-for-large-scale-agricultural-projects","2025-01-09T06:13:51.200Z","2025-01-09T07:23:54.747Z","3 minutes",""
"1OUi6DEEMULKD4ziVi9VSY","The impact of micro-alloying elements on the properties of TMT bars","The Impact of Micro-alloying Elements on the Properties of TMT Bars | JSW One MSME Blog","Discover how micro-alloying enhances TMT bar performance. Learn about the role of vanadium, titanium, and other elements in strengthening, ductility, corrosion resistance, and weldability for durable and cost-effective construction projects. ","Business","","","the-impact-of-micro-alloying-elements-on-the-properties-of-tmt-bars","2024-12-30T09:29:33.220Z","2024-12-30T10:26:40.220Z","3 minute",""
"3CwxfK1vSUJyPhOZtuFlNy","The economics of using fewer TMT bars in high-strength construction projects","The Economics of Using Fewer TMT Bars in High-strength Construction Projects | JSW One MSME Blog","Explore the benefits of using high-strength TMT bars like Fe550 and Fe600 in construction. Learn how they reduce material costs, streamline logistics, and promote sustainable practices, making them a smart choice for MSMEs.","Business","","","the-economics-of-using-fewer-tmt-bars-in-high-strength-construction-projects","2024-12-30T09:06:44.910Z","2024-12-30T09:23:37.961Z","3 minutes",""
"67LefBOIgttiyBkmrmbMfS","Enhancing solar panel efficiency with steel support structures","Enhancing Solar Panel Efficiency With Steel Support Structures | JSW One MSME Blog","Buy the best quality steel, welding consumables, TMT, and cement online at JSW One MSME - the online marketplace for manufacturing & construction material requirements.","Business","","","enhancing-solar-panel-efficiency-with-steel-support-structures","2024-12-27T11:21:12.449Z","2024-12-27T11:44:13.233Z","3 minutes",""
"WpLPfsd5of6k0fX2spASK","How galvalume steel supports increased energy yield in solar power installations?","How Galvalume Steel Supports Increased Energy Yield in Solar Power Installations? | JSW One MSME Blog","Buy the best quality steel, welding consumables, TMT, and cement online at JSW One MSME - the online marketplace for manufacturing & construction material requirements.","Business","","","how-galvalume-steel-supports-increased-energy-yield-in-solar-power","2024-12-27T11:03:22.720Z","2024-12-27T11:18:11.046Z","3 minutes",""
